drkushalkharel.com.np/blog/panic-attack-treatment-kathmandu/,https://drkushalkharel.com.np/panic-attack-treatment-kathmandu/,301,TRUE,FALSE,FALSE,FALSE
drkushalkharel.com.np/blog/panic-attack-treatment-kathmandu,https://drkushalkharel.com.np/panic-attack-treatment-kathmandu/,301,TRUE,FALSE,FALSE,FALSE
drkushalkharel.com.np/knowledge/anxiety-treatment-nepal/,https://drkushalkharel.com.np/anxiety/,301,TRUE,FALSE,FALSE,FALSE
drkushalkharel.com.np/knowledge/anxiety-treatment-nepal,https://drkushalkharel.com.np/anxiety/,301,TRUE,FALSE,FALSE,FALSE
drkushalkharel.com.np/knowledge/depression-treatment-nepal/,https://drkushalkharel.com.np/depression-treatment-kathmandu/,301,TRUE,FALSE,FALSE,FALSE
drkushalkharel.com.np/knowledge/depression-treatment-nepal,https://drkushalkharel.com.np/depression-treatment-kathmandu/,301,TRUE,FALSE,FALSE,FALSE
drkushalkharel.com.np/knowledge/sleep-and-mental-health/,https://drkushalkharel.com.np/blog/sleep-problems-and-mental-health/,301,TRUE,FALSE,FALSE,FALSE
drkushalkharel.com.np/knowledge/sleep-and-mental-health,https://drkushalkharel.com.np/blog/sleep-problems-and-mental-health/,301,TRUE,FALSE,FALSE,FALSE
drkushalkharel.com.np/knowledge/sleep-problems-which-doctor-kathmandu/,https://drkushalkharel.com.np/sleep-problems-treatment-nepal/,301,TRUE,FALSE,FALSE,FALSE
drkushalkharel.com.np/knowledge/sleep-problems-which-doctor-kathmandu,https://drkushalkharel.com.np/sleep-problems-treatment-nepal/,301,TRUE,FALSE,FALSE,FALSE
drkushalkharel.com.np/nepalese-abroad/australia/,https://drkushalkharel.com.np/nepalese-abroad/australia-new-zealand/,301,TRUE,FALSE,FALSE,FALSE
drkushalkharel.com.np/nepalese-abroad/australia,https://drkushalkharel.com.np/nepalese-abroad/australia-new-zealand/,301,TRUE,FALSE,FALSE,FALSE
drkushalkharel.com.np/nepalese-abroad/bahrain/,https://drkushalkharel.com.np/nepalese-abroad/gulf/,301,TRUE,FALSE,FALSE,FALSE
drkushalkharel.com.np/nepalese-abroad/bahrain,https://drkushalkharel.com.np/nepalese-abroad/gulf/,301,TRUE,FALSE,FALSE,FALSE
drkushalkharel.com.np/nepalese-abroad/bangladesh/,https://drkushalkharel.com.np/nepalese-abroad/south-asia/,301,TRUE,FALSE,FALSE,FALSE
drkushalkharel.com.np/nepalese-abroad/bangladesh,https://drkushalkharel.com.np/nepalese-abroad/south-asia/,301,TRUE,FALSE,FALSE,FALSE
drkushalkharel.com.np/nepalese-abroad/belgium/,https://drkushalkharel.com.np/nepalese-abroad/europe/,301,TRUE,FALSE,FALSE,FALSE
drkushalkharel.com.np/nepalese-abroad/belgium,https://drkushalkharel.com.np/nepalese-abroad/europe/,301,TRUE,FALSE,FALSE,FALSE
drkushalkharel.com.np/nepalese-abroad/brunei/,https://drkushalkharel.com.np/nepalese-abroad/southeast-asia/,301,TRUE,FALSE,FALSE,FALSE
drkushalkharel.com.np/nepalese-abroad/brunei,https://drkushalkharel.com.np/nepalese-abroad/southeast-asia/,301,TRUE,FALSE,FALSE,FALSE
drkushalkharel.com.np/nepalese-abroad/canada/,https://drkushalkharel.com.np/nepalese-abroad/usa-canada/,301,TRUE,FALSE,FALSE,FALSE
drkushalkharel.com.np/nepalese-abroad/canada,https://drkushalkharel.com.np/nepalese-abroad/usa-canada/,301,TRUE,FALSE,FALSE,FALSE
drkushalkharel.com.np/nepalese-abroad/china/,https://drkushalkharel.com.np/nepalese-abroad/east-asia/,301,TRUE,FALSE,FALSE,FALSE
drkushalkharel.com.np/nepalese-abroad/china,https://drkushalkharel.com.np/nepalese-abroad/east-asia/,301,TRUE,FALSE,FALSE,FALSE
drkushalkharel.com.np/nepalese-abroad/croatia/,https://drkushalkharel.com.np/nepalese-abroad/europe/,301,TRUE,FALSE,FALSE,FALSE
drkushalkharel.com.np/nepalese-abroad/croatia,https://drkushalkharel.com.np/nepalese-abroad/europe/,301,TRUE,FALSE,FALSE,FALSE
drkushalkharel.com.np/nepalese-abroad/cyprus/,https://drkushalkharel.com.np/nepalese-abroad/europe/,301,TRUE,FALSE,FALSE,FALSE
drkushalkharel.com.np/nepalese-abroad/cyprus,https://drkushalkharel.com.np/nepalese-abroad/europe/,301,TRUE,FALSE,FALSE,FALSE
drkushalkharel.com.np/nepalese-abroad/denmark/,https://drkushalkharel.com.np/nepalese-abroad/europe/,301,TRUE,FALSE,FALSE,FALSE
drkushalkharel.com.np/nepalese-abroad/denmark,https://drkushalkharel.com.np/nepalese-abroad/europe/,301,TRUE,FALSE,FALSE,FALSE
drkushalkharel.com.np/nepalese-abroad/dubai/,https://drkushalkharel.com.np/nepalese-abroad/gulf/,301,TRUE,FALSE,FALSE,FALSE
drkushalkharel.com.np/nepalese-abroad/dubai,https://drkushalkharel.com.np/nepalese-abroad/gulf/,301,TRUE,FALSE,FALSE,FALSE
drkushalkharel.com.np/nepalese-abroad/fiji/,https://drkushalkharel.com.np/nepalese-abroad/australia-new-zealand/,301,TRUE,FALSE,FALSE,FALSE
drkushalkharel.com.np/nepalese-abroad/fiji,https://drkushalkharel.com.np/nepalese-abroad/australia-new-zealand/,301,TRUE,FALSE,FALSE,FALSE
drkushalkharel.com.np/nepalese-abroad/finland/,https://drkushalkharel.com.np/nepalese-abroad/europe/,301,TRUE,FALSE,FALSE,FALSE
drkushalkharel.com.np/nepalese-abroad/finland,https://drkushalkharel.com.np/nepalese-abroad/europe/,301,TRUE,FALSE,FALSE,FALSE
drkushalkharel.com.np/nepalese-abroad/france/,https://drkushalkharel.com.np/nepalese-abroad/europe/,301,TRUE,FALSE,FALSE,FALSE
drkushalkharel.com.np/nepalese-abroad/france,https://drkushalkharel.com.np/nepalese-abroad/europe/,301,TRUE,FALSE,FALSE,FALSE
drkushalkharel.com.np/nepalese-abroad/germany/,https://drkushalkharel.com.np/nepalese-abroad/europe/,301,TRUE,FALSE,FALSE,FALSE
drkushalkharel.com.np/nepalese-abroad/germany,https://drkushalkharel.com.np/nepalese-abroad/europe/,301,TRUE,FALSE,FALSE,FALSE
drkushalkharel.com.np/nepalese-abroad/hong-kong/,https://drkushalkharel.com.np/nepalese-abroad/east-asia/,301,TRUE,FALSE,FALSE,FALSE
drkushalkharel.com.np/nepalese-abroad/hong-kong,https://drkushalkharel.com.np/nepalese-abroad/east-asia/,301,TRUE,FALSE,FALSE,FALSE
drkushalkharel.com.np/nepalese-abroad/india/,https://drkushalkharel.com.np/nepalese-abroad/south-asia/,301,TRUE,FALSE,FALSE,FALSE
drkushalkharel.com.np/nepalese-abroad/india,https://drkushalkharel.com.np/nepalese-abroad/south-asia/,301,TRUE,FALSE,FALSE,FALSE
drkushalkharel.com.np/nepalese-abroad/ireland/,https://drkushalkharel.com.np/nepalese-abroad/uk-ireland/,301,TRUE,FALSE,FALSE,FALSE
drkushalkharel.com.np/nepalese-abroad/ireland,https://drkushalkharel.com.np/nepalese-abroad/uk-ireland/,301,TRUE,FALSE,FALSE,FALSE
drkushalkharel.com.np/nepalese-abroad/israel/,https://drkushalkharel.com.np/nepalese-abroad/europe/,301,TRUE,FALSE,FALSE,FALSE
drkushalkharel.com.np/nepalese-abroad/israel,https://drkushalkharel.com.np/nepalese-abroad/europe/,301,TRUE,FALSE,FALSE,FALSE
drkushalkharel.com.np/nepalese-abroad/italy/,https://drkushalkharel.com.np/nepalese-abroad/europe/,301,TRUE,FALSE,FALSE,FALSE
drkushalkharel.com.np/nepalese-abroad/italy,https://drkushalkharel.com.np/nepalese-abroad/europe/,301,TRUE,FALSE,FALSE,FALSE
drkushalkharel.com.np/nepalese-abroad/japan/,https://drkushalkharel.com.np/nepalese-abroad/east-asia/,301,TRUE,FALSE,FALSE,FALSE
drkushalkharel.com.np/nepalese-abroad/japan,https://drkushalkharel.com.np/nepalese-abroad/east-asia/,301,TRUE,FALSE,FALSE,FALSE
drkushalkharel.com.np/nepalese-abroad/korea/,https://drkushalkharel.com.np/nepalese-abroad/east-asia/,301,TRUE,FALSE,FALSE,FALSE
drkushalkharel.com.np/nepalese-abroad/korea,https://drkushalkharel.com.np/nepalese-abroad/east-asia/,301,TRUE,FALSE,FALSE,FALSE
drkushalkharel.com.np/nepalese-abroad/kuwait/,https://drkushalkharel.com.np/nepalese-abroad/gulf/,301,TRUE,FALSE,FALSE,FALSE
drkushalkharel.com.np/nepalese-abroad/kuwait,https://drkushalkharel.com.np/nepalese-abroad/gulf/,301,TRUE,FALSE,FALSE,FALSE
drkushalkharel.com.np/nepalese-abroad/malaysia/,https://drkushalkharel.com.np/nepalese-abroad/southeast-asia/,301,TRUE,FALSE,FALSE,FALSE
drkushalkharel.com.np/nepalese-abroad/malaysia,https://drkushalkharel.com.np/nepalese-abroad/southeast-asia/,301,TRUE,FALSE,FALSE,FALSE
drkushalkharel.com.np/nepalese-abroad/myanmar/,https://drkushalkharel.com.np/nepalese-abroad/southeast-asia/,301,TRUE,FALSE,FALSE,FALSE
drkushalkharel.com.np/nepalese-abroad/myanmar,https://drkushalkharel.com.np/nepalese-abroad/southeast-asia/,301,TRUE,FALSE,FALSE,FALSE
drkushalkharel.com.np/nepalese-abroad/netherlands/,https://drkushalkharel.com.np/nepalese-abroad/europe/,301,TRUE,FALSE,FALSE,FALSE
drkushalkharel.com.np/nepalese-abroad/netherlands,https://drkushalkharel.com.np/nepalese-abroad/europe/,301,TRUE,FALSE,FALSE,FALSE
drkushalkharel.com.np/nepalese-abroad/new-zealand/,https://drkushalkharel.com.np/nepalese-abroad/australia-new-zealand/,301,TRUE,FALSE,FALSE,FALSE
drkushalkharel.com.np/nepalese-abroad/new-zealand,https://drkushalkharel.com.np/nepalese-abroad/australia-new-zealand/,301,TRUE,FALSE,FALSE,FALSE
drkushalkharel.com.np/nepalese-abroad/norway/,https://drkushalkharel.com.np/nepalese-abroad/europe/,301,TRUE,FALSE,FALSE,FALSE
drkushalkharel.com.np/nepalese-abroad/norway,https://drkushalkharel.com.np/nepalese-abroad/europe/,301,TRUE,FALSE,FALSE,FALSE
drkushalkharel.com.np/nepalese-abroad/oman/,https://drkushalkharel.com.np/nepalese-abroad/gulf/,301,TRUE,FALSE,FALSE,FALSE
drkushalkharel.com.np/nepalese-abroad/oman,https://drkushalkharel.com.np/nepalese-abroad/gulf/,301,TRUE,FALSE,FALSE,FALSE
drkushalkharel.com.np/nepalese-abroad/poland/,https://drkushalkharel.com.np/nepalese-abroad/europe/,301,TRUE,FALSE,FALSE,FALSE
drkushalkharel.com.np/nepalese-abroad/poland,https://drkushalkharel.com.np/nepalese-abroad/europe/,301,TRUE,FALSE,FALSE,FALSE
drkushalkharel.com.np/nepalese-abroad/portugal/,https://drkushalkharel.com.np/nepalese-abroad/europe/,301,TRUE,FALSE,FALSE,FALSE
drkushalkharel.com.np/nepalese-abroad/portugal,https://drkushalkharel.com.np/nepalese-abroad/europe/,301,TRUE,FALSE,FALSE,FALSE
drkushalkharel.com.np/nepalese-abroad/qatar/,https://drkushalkharel.com.np/nepalese-abroad/gulf/,301,TRUE,FALSE,FALSE,FALSE
drkushalkharel.com.np/nepalese-abroad/qatar,https://drkushalkharel.com.np/nepalese-abroad/gulf/,301,TRUE,FALSE,FALSE,FALSE
drkushalkharel.com.np/nepalese-abroad/romania/,https://drkushalkharel.com.np/nepalese-abroad/europe/,301,TRUE,FALSE,FALSE,FALSE
drkushalkharel.com.np/nepalese-abroad/romania,https://drkushalkharel.com.np/nepalese-abroad/europe/,301,TRUE,FALSE,FALSE,FALSE
drkushalkharel.com.np/nepalese-abroad/saudi-arabia/,https://drkushalkharel.com.np/nepalese-abroad/gulf/,301,TRUE,FALSE,FALSE,FALSE
drkushalkharel.com.np/nepalese-abroad/saudi-arabia,https://drkushalkharel.com.np/nepalese-abroad/gulf/,301,TRUE,FALSE,FALSE,FALSE
drkushalkharel.com.np/nepalese-abroad/singapore/,https://drkushalkharel.com.np/nepalese-abroad/southeast-asia/,301,TRUE,FALSE,FALSE,FALSE
drkushalkharel.com.np/nepalese-abroad/singapore,https://drkushalkharel.com.np/nepalese-abroad/southeast-asia/,301,TRUE,FALSE,FALSE,FALSE
drkushalkharel.com.np/nepalese-abroad/spain/,https://drkushalkharel.com.np/nepalese-abroad/europe/,301,TRUE,FALSE,FALSE,FALSE
drkushalkharel.com.np/nepalese-abroad/spain,https://drkushalkharel.com.np/nepalese-abroad/europe/,301,TRUE,FALSE,FALSE,FALSE
drkushalkharel.com.np/nepalese-abroad/sri-lanka/,https://drkushalkharel.com.np/nepalese-abroad/south-asia/,301,TRUE,FALSE,FALSE,FALSE
drkushalkharel.com.np/nepalese-abroad/sri-lanka,https://drkushalkharel.com.np/nepalese-abroad/south-asia/,301,TRUE,FALSE,FALSE,FALSE
drkushalkharel.com.np/nepalese-abroad/sweden/,https://drkushalkharel.com.np/nepalese-abroad/europe/,301,TRUE,FALSE,FALSE,FALSE
drkushalkharel.com.np/nepalese-abroad/sweden,https://drkushalkharel.com.np/nepalese-abroad/europe/,301,TRUE,FALSE,FALSE,FALSE
drkushalkharel.com.np/nepalese-abroad/thailand/,https://drkushalkharel.com.np/nepalese-abroad/southeast-asia/,301,TRUE,FALSE,FALSE,FALSE
drkushalkharel.com.np/nepalese-abroad/thailand,https://drkushalkharel.com.np/nepalese-abroad/southeast-asia/,301,TRUE,FALSE,FALSE,FALSE
drkushalkharel.com.np/nepalese-abroad/uk/,https://drkushalkharel.com.np/nepalese-abroad/uk-ireland/,301,TRUE,FALSE,FALSE,FALSE
drkushalkharel.com.np/nepalese-abroad/uk,https://drkushalkharel.com.np/nepalese-abroad/uk-ireland/,301,TRUE,FALSE,FALSE,FALSE
drkushalkharel.com.np/nepalese-abroad/usa/,https://drkushalkharel.com.np/nepalese-abroad/usa-canada/,301,TRUE,FALSE,FALSE,FALSE
drkushalkharel.com.np/nepalese-abroad/usa,https://drkushalkharel.com.np/nepalese-abroad/usa-canada/,301,TRUE,FALSE,FALSE,FALSE
